{
  "nodes": [
    {
      "id": 6,
      "title": "Start",
      "x": 135.2820296294105,
      "y": 98.2299041828818,
      "values": [
        "yes",
        "no"
      ],
      "tbl": {
        "60": 0.999,
        "61": 0.001
      },
      "index": 0,
      "weight": 1,
      "px": 417.2888088342864,
      "py": 343.1508847113116,
      "sampled": false
    },
    {
      "id": 7,
      "title": "Stop",
      "x": 418.46405128407184,
      "y": 98.28968445560764,
      "values": [
        "yes",
        "no"
      ],
      "tbl": {
        "60": {
          "70": 0.5,
          "71": 0.5
        },
        "61": {
          "70": 0.5,
          "71": 0.5
        }
      },
      "index": 1,
      "weight": 4,
      "px": 551.4844494540813,
      "py": 304.37439277472555,
      "sampled": false
    }
  ],
  "edges": [
    {
      "source": {
        "id": 6,
        "title": "Start",
        "x": 135.2820296294105,
        "y": 98.2299041828818,
        "values": [
          "yes",
          "no"
        ],
        "tbl": {
          "60": 0.999,
          "61": 0.001
        },
        "index": 0,
        "weight": 1,
        "px": 417.2888088342864,
        "py": 343.1508847113116,
        "sampled": false
      },
      "target": {
        "id": 7,
        "title": "Stop",
        "x": 418.46405128407184,
        "y": 98.28968445560764,
        "values": [
          "yes",
          "no"
        ],
        "tbl": {
          "60": {
            "70": 0.5,
            "71": 0.5
          },
          "61": {
            "70": 0.5,
            "71": 0.5
          }
        },
        "index": 1,
        "weight": 4,
        "px": 551.4844494540813,
        "py": 304.37439277472555,
        "sampled": false
      }
    }
  ]
}